id,email,password,fullname,phone,dob,gender,created_at
2,fcockran1@ameblo.jp,$2a$04$axlC.EtpRM.0XY0xDOW54uDqBkD9ZbXXKL5X0BpCRzBQDqvIB4haO,Florentia Cockran,8948306165,09-05-2013,Female,20-12-2022 13:18
3,asandell2@elegantthemes.com,$2a$04$UXcJidvP4LY3ow7uGoPeuevY3hy8d9hFdWeOYtJYxDTFvqMrc/YhK,Addison Sandell,8655362095,29-09-2008,Male,09-02-2022 11:11
4,hkeating3@google.it,$2a$04$gMMoP3jsgXi98X5qwuEhAOmrKxlgKCyC474tDRtRSK8c5X.uOoATa,Harman Keating,9218103909,20-04-1999,Male,30-04-2021 17:50
5,ijadczak4@usda.gov,$2a$04$B1Ac5YwdRzj.WCiUwZ8tUuxrjyieXw57nK2V2iro4KtezN7rZhScu,Isidor Jadczak,7535300500,17-11-2006,Male,30-04-2022 20:19
6,wwestoff5@over-blog.com,$2a$04$x6e1sXou3q/iOojoh1PpIeZnzGGtZNqipKRezHxJiCnqXZVTTL5jS,Waring Westoff,9498743056,13-09-2021,Male,11-12-2021 02:10
7,otremeer6@mozilla.com,$2a$04$3jHVWhx0roxw7pNWVaW3zeZPwV5B3ksL4coF9tymGhufUSkfrDVMK,Oralle Tremeer,7023014861,03-02-2020,Female,20-08-2022 06:22
8,cblest7@skyrock.com,$2a$04$mBscrkYjjLoJlXRZTMUFPuIHx1uQmJ6QF1R9WZcYckN4aYroftpTy,Ciro Blest,9503945512,17-12-1992,Male,03-07-2022 12:24
9,sphilipsohn8@zdnet.com,$2a$04$33G2TuXci9p3vxzdj8AwxuXfAckcJI8KJ7SjRMUeNxa4J1aobtEq6,Stanislas Philipsohn,8308515964,21-04-2014,Male,20-06-2021 22:01
10,yferreiro9@china.com.cn,$2a$04$5Mtp1pp7APx.KYz4DmEF7u8DK3iPCdU4xtxQ5Va7Eops2UJMtwMWK,Yorke Ferreiro,7295006652,08-09-2000,Male,04-10-2022 22:46
11,mupcrafta@ucla.edu,$2a$04$OHHx26qtsvutaZO28CSUDuRtErffhkqneFmy110TK8Q3sCFZzlAom,Marlee Upcraft,9825406514,18-05-2016,Female,07-12-2020 04:29
12,abussyb@trellian.com,$2a$04$ran/gsL4n1V3J5csUssfOOxYKQKwMhz94ZkfOEJgI5sG020g8Rs1G,Adiana Bussy,8423713584,29-05-1993,Female,16-10-2022 23:19
13,hizhakc@goo.gl,$2a$04$UIWILV3QXXotpOIkU9zN.OCIoTpNiD6G8rDB.tNmfCFyIj00bBeWO,Hagen Izhak,8808656810,16-12-1992,Male,04-07-2022 08:00
14,lkillorand@miitbeian.gov.cn,$2a$04$keZCN53IihN6Bn2GHJ4/5OEsDZW6Pz1Dn6eHo7OVsg2GDeAm9LSXe,Luciano Killoran,9697052133,05-10-2001,Male,27-06-2023 01:30
15,raymeriche@samsung.com,$2a$04$MfhPhkvbhk6DrsF7nGW6befJMuVJwkg0jGdUFr9jgbMZmL5/uqPrK,Rodrick Aymerich,7342154048,25-08-2015,Male,28-03-2023 08:41
16,fcaddockf@netscape.com,$2a$04$27YKHqYKhEF0CC9pETvnR.s0qsBqpeurcqFnb2Ab45tjCXqy9mUcq,Felice Caddock,8505971714,06-03-2021,Female,08-02-2021 16:51
17,viacoviellog@apache.org,$2a$04$BC2Xcf1aJEjmkJpzQdJqruVSZiQkGmv8HI9dMDDpW0mrWR3aV92ja,Velvet Iacoviello,8392016569,27-12-2015,Female,22-05-2021 20:16
18,brepperh@ted.com,$2a$04$ZS0rWiZBfFIz3Oftzb3vYeOB8/vBLxhCoSDvsSKJkgKpks9DNDpWS,Borg Repper,9849578570,24-10-1998,Male,25-10-2020 09:56
19,sreadetti@addthis.com,$2a$04$5ZU8CWut3hkqKhowEfezgu0z.gwyh8xNpeM9zv707lQQ0wJDvgq1.,Shadow Readett,8424821464,13-09-1995,Male,30-08-2022 21:11
20,shawkswoodj@joomla.org,$2a$04$c2.8RFkH77buHEn0Cbg24O8zIK0fkLC65dHnuxN3id6h083gyj/36,Stormy Hawkswood,7820819303,10-11-1991,Female,27-09-2021 01:16
21,pmacclenank@smugmug.com,$2a$04$f6KeTCxQ6ZO1YJCV4nC66.9SsO7/xy7dQ4bVUmrGjlPouBh7jEQ3m,Prudence MacClenan,7477917366,17-08-2004,Female,19-06-2023 03:38
22,ldykinsl@google.it,$2a$04$F8.yVbL3up834sf4J.tUyeSniN1qZSvgjEk1ypZ/H8oHBORITpkIy,Leeland Dykins,8951352672,06-01-2020,Male,20-06-2022 17:20
23,tterringtonm@foxnews.com,$2a$04$HFbBgjZUg5N0iKm5hYW5XOd/mP1xWihCeatuX9ocYXWyAIXhHO5ZO,Travis Terrington,9843298559,30-12-1997,Male,13-03-2021 12:44
24,sdewann@army.mil,$2a$04$ln0Wy9q9oRAATWDcWhvL7e2Z8PL.fk70yKLlFTZhMCoJPpqwLkhuS,Serene Dewan,9857436144,11-07-1996,Female,03-05-2021 03:38
25,lfrailo@wisc.edu,$2a$04$Jr4wwk6io4m7cwIfyt63pOt87efHTAL4sNJ2Ay8zsZl2VczUg2akq,Lavinie Frail,9988227145,30-01-2017,Female,14-12-2022 11:37
26,nkenchp@mail.ru,$2a$04$lKcgE1tjjvSWV06CYNO0CeU.L2DU9tJP0a7raCdJADGdsLIfv31Je,Nataniel Kench,7359974690,30-06-2002,Male,26-12-2020 18:22
27,tandryuninq@youtube.com,$2a$04$benvA9iYZ7b4DR1fE6u5fOVvv5.MgBcZYMV0N6bA87LyfsO6igkJ2,Tildie Andryunin,7960975991,16-04-2004,Female,28-11-2020 12:35
28,dabrahamsr@xinhuanet.com,$2a$04$dN.bnbD0xA64qfyzAVNKK.k9xVe8PHMqlUbPxzcqyYCi27xLzisFi,Dolph Abrahams,7566644398,20-04-1991,Male,06-12-2020 08:54
29,lmabes@kickstarter.com,$2a$04$qGE0yIKnVIj7BdaSotqtBuFG7ZSSxExma2j3EOHzcLGeQs3xhdnTe,Linet Mabe,8424474477,21-10-2019,Female,13-12-2022 16:28
30,gpateyt@wunderground.com,$2a$04$8CCEEhyHLvga1E9qcmUCVO5M7.fbaBEP8BtSDiT7uFOGzmjPws2BC,Gael Patey,7392633264,14-07-2006,Female,07-05-2023 16:07
31,dthurlbecku@paginegialle.it,$2a$04$veAYoBiGdDtTrAm.RugVse0jopb1pdLzeYq.e3UmSx/i2QNBUGopO,Derry Thurlbeck,9262689205,09-09-1991,Male,04-12-2022 04:14
32,bbeddov@last.fm,$2a$04$dRnvZanrGCiIk4Vq.eRzDOUeJ8OINvehepC7Cd7wCjBs/f1H90Yxa,Balduin Beddo,7682577293,28-05-2013,Male,11-01-2022 01:08
33,ibuscherw@arstechnica.com,$2a$04$8WqkBdQCvUPW8j5MY3Nw9.40gVEpmVT4Jls4pW4E5ucqTV9f2zaha,Isahella Buscher,7971575256,08-11-1990,Female,30-12-2020 05:07
34,ajoannetx@google.it,$2a$04$wvJKh9.4IVqryWXsg4GlQul8kRB1ocbE9cEuWgJDZV/3EzQiAAdHm,Annis Joannet,7910264220,12-06-2022,Female,11-03-2021 06:37
35,lstyley@digg.com,$2a$04$tFf2IFBQD.wmU7uTlp0A4.6XW8ZNFAW.hov//mKSqhs0nbsqqdeLW,Leanna Style,8628294579,31-03-2021,Female,12-09-2020 08:54
36,slapleyz@netscape.com,$2a$04$bWxLtwzdmwD4F0RJFZWwuutGCrgnEw1NxMi./GMhIu8cRLX5uNph2,Shirlee Lapley,8750262684,01-04-2006,Female,05-09-2022 07:42
37,fmegahey10@aboutads.info,$2a$04$TE5l10COc8tMo32zvnyFP.IN4Rvpa2Tb0teNinrUoI1RiJcMDtOEm,Fair Megahey,7906516706,04-08-2020,Male,08-07-2022 17:43
38,fveysey11@mapy.cz,$2a$04$aa5.MqR9qmcmrqD6Thgb5OiXMmBTFF8RGEyt/ANVTLbD0kzmXQeay,Fancy Veysey,7538851058,17-10-2000,Female,05-02-2021 09:52
39,bhoofe12@barnesandnoble.com,$2a$04$zaxCUCkRAQ28JRtHEeiPZ.NWnJe3zM5IDA8ekSfpew1SotLXBFOyu,Bord Hoofe,8494724047,11-02-2004,Male,06-04-2023 16:53
40,sdivisek13@dropbox.com,$2a$04$MAtcB64qf031Q.Amg6hBfu9zTogcVZMxnPJXNYogozi9M0BeHfyD6,Salomon Divisek,9767142211,31-01-2017,Male,04-01-2023 09:50
41,dbeake14@businessinsider.com,$2a$04$WQg5ECvIw8L4moyfN1HlcehSK3C8YW/5ki3wVovWHbzixvgZm8byC,Dickie Beake,8740036229,13-07-1998,Male,27-10-2020 06:53
42,lbowhey15@jalbum.net,$2a$04$nEtSfnCA3lx8agZrnoXpceLfTvF63eO0g.MJQkV3hroLunGLwh7fi,Logan Bowhey,8889668112,15-12-1991,Male,20-06-2023 06:32
43,ssmidmor16@paginegialle.it,$2a$04$SY2/NfhogyRQnFX8Cxq1NOrDM247WiBfnOJXmB6RS0HuQBf4/Gg4i,Sterne Smidmor,9004213427,18-02-2022,Male,16-07-2022 07:26
44,lrainville17@businessinsider.com,$2a$04$IQRSGq7v07LdZqWZIuisd.cTjkhZPChxeDjdS744GhH6oaeMG72ju,Lark Rainville,7995159992,23-07-2022,Female,09-11-2020 07:00
45,rmessam18@smugmug.com,$2a$04$8s4nf3d29NAHOPvTW9L7au2R0Vl2TapEeN9R/0NyKjDa6F/iibCgq,Roderick Messam,8503528211,04-05-2018,Male,03-07-2021 18:24
46,mtulloch19@digg.com,$2a$04$bl9eccZrsth3he/9xvdVmOIkh0TUXh51ByDB8LFJCl5qQwAT1MR3G,Merrill Tulloch,9475244397,13-11-2016,Male,18-09-2021 06:17
47,hgoodee1a@state.tx.us,$2a$04$jo7CupMgI4U1xrw7fwK3S.WTKCqyCCmmwk43yeqs4D7KfNwIZkIym,Hyacinthie Goodee,7120953093,19-04-1999,Female,19-01-2023 02:47
48,mcavnor1b@people.com.cn,$2a$04$YjtjxFcdCfRd0EgAXlLqp.OnDHvaXUBtYexuKN5iCcRo1r0kWpNku,Mandy Cavnor,8443911624,02-09-2016,Female,13-10-2022 09:11
49,flaux1c@unc.edu,$2a$04$32Br/l3GFeqK89rtstFwtOIKFw0uRLHP6LpzT.E8E1FLBDgK8EkvO,Francesca Laux,9640183433,08-12-2010,Female,20-04-2022 11:01
50,fmill1d@ed.gov,$2a$04$m804VllL2MAfk0I5aMnxFOOi2S2cF1FfpcCIUC8SxZshmKmwAGLO.,Fayth Mill,9668296278,03-07-2011,Female,22-08-2021 17:13
51,dbines1e@vinaora.com,$2a$04$7T.StFtESB4.h31DINmzfO6XSRSiWhsiVtyB34wndElJjNmGCyVEO,Dun Bines,9108213438,26-05-1999,Male,07-05-2021 18:02
52,mmager1f@ebay.com,$2a$04$jxYk9kdJ9hazeFweaphbQuPt3p794dD8hxYA4cJlnXPTPiXenx0im,Maxie Mager,7321677978,16-08-2001,Male,09-07-2023 18:32
53,carsmith1g@cornell.edu,$2a$04$EYrxY0rOfdUMXzaXhJ.4zu/7jjXk5xTu8T85Z1RC2CbT8rNLZyYOi,Carissa Arsmith,8403120251,08-12-1991,Female,15-07-2022 15:38
54,pdossetter1h@sitemeter.com,$2a$04$03TUSacqzGk8VAnm3XtpJ.ufz18KqL2.mMiVtUNisCmLK8604Dlvu,Prisca Dossetter,9348048518,22-03-2012,Female,10-02-2023 14:31
55,lpowder1i@europa.eu,$2a$04$WF5VnbZI3Ph/l2BTzk00Tu8GJWyenD4zV8rpChYTF/yXT.MT7u/Xu,Lissi Powder,9084306970,04-03-2013,Female,02-02-2023 09:25
56,cionesco1j@nhs.uk,$2a$04$KFBc7RUbMYobux.joy3M8eXA5IoARAYeMJ.1.ytnQcs/lKONKuViW,Cece Ionesco,9855515877,07-06-1994,Male,03-02-2021 10:04
57,gleming1k@google.nl,$2a$04$zlkd/XPIxE8pWNQcDLK3HuYAbdH4wD4G.FUOnmSQTbr0XL5oowTXm,Gerald Leming,8932898938,30-08-2009,Male,17-01-2021 08:17
58,rwildber1l@cpanel.net,$2a$04$bCTqWv.yEcSsmL2VfQ9nNuJWasLLneVcsmVofQyT1atvLn1kPhMhW,Rubina Wildber,9966441389,21-06-2003,Female,06-09-2022 14:07
59,freichelt1m@yandex.ru,$2a$04$sOdpPUWMYG7i7B65dxl.1Op20vqhX39tngkr8OqJ5ix4b.VLJR//C,Freddi Reichelt,8750008659,13-05-2020,Female,21-09-2021 03:30
60,werrett1n@hhs.gov,$2a$04$MMgT3zUtCnTpuvV6wDmZBuNsReFmgNTq566JfT.xkiH3nvh6x6O5m,Wayne Errett,8826637245,10-05-1998,Male,02-11-2022 04:46
61,qtipton1o@4shared.com,$2a$04$cQLm/gmaZL5n2KTM.MCyKuX6G91Vh00b18MEs5zV/7K.fxXKDVUiC,Quintilla Tipton,9661073526,21-04-2004,Female,05-05-2022 13:41
62,abruce1p@technorati.com,$2a$04$FHcNfl64xs32jssVR29lJ.GhbPPNgVVR7NCgk9IcCek1fYv8V0ccO,Alissa Bruce,8499065295,10-01-2012,Female,23-02-2021 19:11
63,kalderton1q@mtv.com,$2a$04$EFyOQIWGGMX7WXX9CLWtSuJ.ln.hiKfpGScMSzvYaxrrKxTABohNq,Kelci Alderton,9664386388,25-07-2016,Female,04-01-2021 14:59
64,dmaciocia1r@privacy.gov.au,$2a$04$ZdOWnee69WxCHeg6pjbSe.xTjIAQIPWpA3rwoCkihDUFihji.i/Sq,Demetria Maciocia,7129301204,10-07-2022,Female,10-02-2022 07:53
65,minch1s@livejournal.com,$2a$04$WhNzxIiuxki9BZWnG12mHeHd8DNNoBJiIeDeQawN7mcIkRZf.oLlu,Marlowe Inch,8322909351,30-01-2005,Male,10-03-2022 21:38
66,dlosseljong1t@github.io,$2a$04$wCPeozBdulhzymKYMueSaOY7/PYGFPjRWh8qnjqJ72xXAYvY0pLyy,Dal Losseljong,7657052194,14-12-2010,Male,05-04-2023 14:14
67,bmeriet1u@gov.uk,$2a$04$gGpnaNwVR5TbAuRD5gynDeV8Gnpko3gihBfs/ZC0UjhPvf2HcxSWq,Babb Meriet,8394766453,06-01-2007,Female,11-10-2021 17:18
68,mgemmill1v@cisco.com,$2a$04$whOzGowSIhMxAm/bL/XWeeBYmHJpeciAVNZppTwsujpIzlY3wFm8m,Mirabel Gemmill,8245008718,11-08-2013,Female,23-09-2022 04:06
69,dhalpin1w@archive.org,$2a$04$0.oYYKycGWBOpehp1cT9r.44LimnHnaXsIcYI7a8TXhUmgIty6hCK,Darn Halpin,8304204173,05-02-1997,Male,21-12-2021 23:04
70,deathorne1x@wordpress.com,$2a$04$LbMnnp2w2wJX6Wg5eG1JAeFnhCwKypaeDLKn9CC3WC/rI5puu4bM6,Denney Eathorne,9124554164,17-04-1997,Male,11-01-2021 21:11
71,awaby1y@wix.com,$2a$04$BDdHN/BkBjD4kXwrOO9hm.ZyQlbjnycUwPlqnj6k4X5UVPOOWEPgO,Agna Waby,8799563540,12-10-2004,Female,13-04-2022 01:07
72,cle1z@apache.org,$2a$04$Bj/vmallPdUnks4HB4SkB.qUnGF5ubPTzfMB2loJrg7Poc77UNOHi,Candi Le feaver,7061807183,13-03-2011,Female,23-03-2021 19:02
73,psedgemond20@huffingtonpost.com,$2a$04$Gkvho0ug/RGCjd3l8tIMi.uDYFyCNdguU/PTQLmrba1NJEIkA08NO,Phillipp Sedgemond,7614283301,03-11-2017,Male,31-05-2022 02:06
74,smilbourne21@youtu.be,$2a$04$7P.D98R77/41Ye2M1vRyKeSci4x8M.ZedX1C0emVNBqezJefbBVuq,Shep Milbourne,8272453555,16-07-2001,Male,14-01-2021 05:54
75,cthornborrow22@sakura.ne.jp,$2a$04$LX7DB5n8nHQz6Ve/ZWYOqOSYPYN4yL.G7U/CwUV2zVY/jB1FvGZ3C,Carolin Thornborrow,8057228688,01-03-1997,Female,09-05-2022 15:01
76,tmaldin23@imdb.com,$2a$04$n..lYOSsAZUW2Q1tuggFiu8robUNtdOhTM/d7yDZX9/j8fNXCh8DC,Thekla Maldin,8615796542,15-12-2001,Female,20-02-2021 11:20
77,dpeck24@macromedia.com,$2a$04$ShMIe8QAfejAOBoZSSHHMOHhurVwAp.R/rCkejDwxdEYPskpVHMf6,Donnell Peck,8508061931,04-08-2000,Male,26-09-2021 05:59
78,cplumbridge25@w3.org,$2a$04$jK.VSNdSAtlBaS4mGT9gz.42wyVmjH0pRlxzxctboK33W8XcCa6Fa,Cherie Plumbridge,8878587733,04-11-1999,Female,04-12-2021 19:34
79,cevenden26@quantcast.com,$2a$04$ywh0q2vrtnOuxha3TcqS1uiTTnGSldFK24zInmrVhaFMRdx6ok5qG,Claus Evenden,8229448478,08-01-2000,Male,22-04-2021 22:03
80,eallden27@123-reg.co.uk,$2a$04$LE.1bR7B92wcH8hVMmmIhusBn3b7a5c7DpVq0sfUirahFHgMMw1Ha,Ezri Allden,9627355639,30-07-2002,Male,21-07-2023 19:42
81,sbridgeman28@eventbrite.com,$2a$04$cFXu1NSu9/d6kpKbitPOVuTugXUXR1HudYp4tzHLgEpCu5btA79aW,Stephi Bridgeman,7264836847,11-08-2001,Female,13-01-2022 19:32
82,rschelle29@yahoo.com,$2a$04$O5cZ8MoXxfy/vd./ED5eXOF/oiz1yU31ctmAbQUmtsYJxzrHZCjHK,Richardo Schelle,8975649684,15-05-2010,Male,15-05-2022 19:00
83,thallgough2a@berkeley.edu,$2a$04$x/Kec6DcMopinpgPDzNMle5nMsQXvETyz301dZ8MZVvrwMZls/6jS,Trip Hall-Gough,7188624372,16-02-2006,Male,24-08-2021 01:57
84,igorler2b@goo.gl,$2a$04$CJFviskaCTeOaqNCLi6shuEpH0t1CNwGgQm2eBVLj5/4IBIYz0sfu,Idaline Gorler,9316740801,02-04-2023,Female,08-02-2022 21:12
85,kkeune2c@lycos.com,$2a$04$j1O1xciMdzykRQellezPouccL65Uo.gD5mdL7t2eM0q5lar1.OVJy,Kristofer Keune,8953396357,18-07-2011,Male,12-02-2022 09:16
86,fdenington2d@nsw.gov.au,$2a$04$NMwjGBH5XIc85kSJ5HTcVucIgJrMNJ5YEkhv0gKc4NoXJ.hZ5Eb02,Fidelio Denington,9314342370,26-12-1996,Male,20-12-2022 12:59
87,mdarkott2e@liveinternet.ru,$2a$04$zXnX.6b4PRIiGIROkQD06.AAvIFaOyx.8/12.NDzR22DHRhDlu1tW,Marcella Darkott,7114217782,03-03-2008,Female,17-03-2022 02:42
88,glaviss2f@dedecms.com,$2a$04$LwCUa559MeTwSOAq2jOugeiXjHifkio8sSnnmOsSQC3H3ItCsxs26,Guy Laviss,8127913364,01-12-1998,Male,21-12-2021 08:01
89,vitskovitz2g@dropbox.com,$2a$04$kFxnUZt6sQ8A6nW5ZCSkL.Aacn.ZQXfaFkLG4V95whexBKgOlMiE.,Vassily Itskovitz,8918778447,11-04-2023,Male,11-08-2020 18:51
90,rmccomb2h@smugmug.com,$2a$04$kLIxl3zfRdUatEAkok/1O.lyOR0/7BMgGV5sm2CRjp6xdiP2W7TWi,Reggie McComb,7793176697,05-10-2008,Female,12-03-2021 03:26
91,bosboldstone2i@mediafire.com,$2a$04$DQfK.33baFsDUKPVBW4yJuZQAlwPzRMqWw2pvDP6SOPVHwWtNI6ca,Brook Osboldstone,8191204499,02-12-1990,Female,10-05-2022 15:35
92,lalcido2j@economist.com,$2a$04$4ivMa5fB2SIWMhiISqciWu3hyfl6ZTxfvTFEJV906gWlVQSnXsT8.,Leeanne Alcido,8939781496,03-03-2008,Female,20-05-2022 23:46
93,lcollett2k@indiegogo.com,$2a$04$FLf/7PJ3nK9mQNWPgVrIruI5Fl9eQAOeLrW0pAHgmpSlZyrxcv38S,Lorianne Collett,8666029554,18-03-2020,Female,29-04-2021 12:25
94,gdenslow2l@tripadvisor.com,$2a$04$jr.EirW6Tm4khpzGRK5zeO7LxpimmzkSxj9gOBjLZaYQXe5kQJA8e,Gannon Denslow,7371150727,30-08-2002,Male,04-11-2021 20:31
95,dquennell2m@oracle.com,$2a$04$jGCGZN7DuHE8GRDfjZzG9OEoFqhZsjdzoJAsclxMJQOzmH1t0u3.C,Dela Quennell,9623980081,19-09-2016,Female,06-08-2023 07:50
96,bthorald2n@weather.com,$2a$04$glm8kDjgFhNHN1/1VPVEyuUhze61omiBiStgFxDP2dw3BSDOBSU8G,Bernadette Thorald,8061031544,19-01-2014,Female,16-08-2020 04:09
97,mfolcarelli2o@scribd.com,$2a$04$M1oU3UM/xWE7/gmOd3SMPOCxxFDblduvM5rDIfx9mARGPeUxByVoq,Marcy Folcarelli,8917207513,13-11-2005,Female,24-02-2021 14:23
98,awatchorn2p@wikimedia.org,$2a$04$Pv/.deKVUO2OrvDFgg1WZerPqALEERmGTuzBSBrf/josiEWt8p1v6,Artemis Watchorn,9556550767,19-09-2005,Male,28-11-2021 15:22
99,uormrod2q@csmonitor.com,$2a$04$v63oMOVNoMkmjP6SdzNiMOioonEWNUnkBj8hkhqgOeANkP1QLHxTO,Ula Ormrod,7909947167,05-05-2018,Female,19-01-2021 17:11
100,nbennett2r@dion.ne.jp,$2a$04$cLQ.zEVLzZnsmekQH/7oj.5bfwUWj7cGJWo1arwcpohmZkXV7P.kq,Nigel Bennett,8572800163,20-01-2011,Male,22-04-2022 23:35
101,lcharrington2s@mayoclinic.com,$2a$04$TBWFWDTegAc32fseVy8LBObg3BjYqSSal8Zx07qha6s4mrjEs54qC,Lorrin Charrington,8995317971,21-11-1998,Female,08-07-2022 21:53
102,tclist2t@deliciousdays.com,$2a$04$/y50IYJJv.kyk0tzaOFhleU7WidASWOaE/TXUOarDrv4319EIKN6G,Thom Clist,7140765849,04-10-2002,Male,23-10-2021 20:47
103,sdiaper2u@ftc.gov,$2a$04$oW0ZqYjHtrPVdBjpVD8DHOEGqIcdnzVID0PjH1y7dDPW2F7/vkqLm,Skipp Diaper,9748493160,01-03-2009,Male,06-09-2020 02:07
104,cstothert2v@adobe.com,$2a$04$fAf0ZoXmJqnYuuswaUNOm.Fweg6bGHY6UTJgcdiNzGlyyZjdhEJKu,Corabella Stothert,9146175734,31-07-1991,Female,31-03-2021 16:10
105,agauge2w@aboutads.info,$2a$04$PWeJzjSt5LRl.ZUeUCo13O7l98nKflJI08RTGYsitIEqBB3he84LC,Alexis Gauge,8077783664,27-01-2020,Male,26-03-2023 10:54
106,mraddenbury2x@telegraph.co.uk,$2a$04$AyOyFhC/ybAZEZIhtxuBKO6tvYdZp2xUckMnyPvZBcRvXjj7ChyjC,Marietta Raddenbury,7302246734,24-02-2016,Male,07-03-2022 20:31
107,mtrumble2y@wikispaces.com,$2a$04$B93dsuQMfICOqOquhzHta.GOmoN5i00wx4yxeq6bM1zrhwRXkZcVu,Merwyn Trumble,9310327905,10-07-2001,Male,25-11-2022 18:57
108,ffergusson2z@unesco.org,$2a$04$.a0GNeIV3YBtK8glw1IbDOn7cvIoqvESYiaj7lVpJ7A8F/uRf3k2e,Far Fergusson,8379228517,08-07-2009,Male,07-12-2022 04:59
109,scaulier30@imageshack.us,$2a$04$0qpcTdp6hk3.lUvgihqk1.KMK0kzNNJyK78kDerLRY1Ws1/RIU60.,Sheryl Caulier,8786755346,07-11-2004,Female,26-01-2023 16:02
110,pcasino31@google.it,$2a$04$6m3RTR/xqNMvM4WHMa2Bg.uPnjSoF/1H3vNBH0a3plGYr/wLvWp9.,Porter Casino,9453584327,22-06-1992,Male,03-09-2021 02:47
111,togg32@oakley.com,$2a$04$c4ILbpoQu2JeITdhc.80Ne7w0YW5yrEufkEkDKc9UG2OmEU2t.d3S,Timmy Ogg,8646890737,21-10-1996,Male,12-05-2022 14:12
